Index;ID;Lat;Lon;Elv;Yr1;YrEnd;Yrs;Name;Prov;Fit
1;1012055;48.82;-124.05;171;1983;2002;14;LAKE COWICHAN;BC;Lin
2;1012710;48.43;-123.43;3;2014;2024;10;ESQUIMALT HARBOUR;BC;Lin
3;1013754;48.5;-124;393;1964;2003;37;JORDAN RIVER DIVERSION;BC;Lin
4;1013755;48.41;-124.05;4;1973;2002;29;JORDAN RIVER GENERATING;BC;Lin
5;1014820;48.57;-123.52;365;2013;2024;12;MALAHAT;BC;Lin
6;1015628;48.82;-123.71;45;1982;2017;30;NORTH COWICHAN;BC;Lin
7;1016335;48.59;-124.32;10;1973;1982;10;PORT RENFREW;BC;Lin
8;1016941;48.5;-123.41;38;1964;1975;10;SAANICH CAMOSUN COLLEGE;BC;Lin
9;1017099;48.77;-123.12;178;1989;2024;33;SATURNA CAPMON CS;BC;Lin
10;1017101;48.78;-123.04;24;2009;2024;15;SATURNA ISLAND CS;BC;Lin
11;1017254;48.37;-123.92;6;2010;2024;14;SHERINGHAM POINT;BC;Lin
12;1018598;48.45;-123.3;60;1965;2024;31;VICTORIA UNIVERSITY CS;BC;Lin
13;1018611;48.41;-123.32;61;1925;2024;72;VICTORIA GONZALES CS;BC;Lin
14;1018621;48.64;-123.42;19;1965;2017;50;VICTORIA INTL A;BC;Lin
15;1018642;48.36;-123.75;31;1967;1991;25;VICTORIA MARINE;BC;Lin
16;1020590;49.35;-124.16;14;2010;2024;12;BALLENAS ISLAND;BC;Lin
17;1021261;49.95;-125.27;108;1970;2002;21;CAMPBELL RIVER A;BC;Lin
18;1021265;50.01;-125.23;3;1973;1995;14;CAMPBELL RIVER STP;BC;Lin
19;1021830;49.71;-124.9;25;1963;2006;40;COMOX A;BC;Lin
20;1021990;49.68;-125.03;24;1964;1995;32;COURTENAY PUNTLEDGE BCHP;BC;Lin
21;1022689;49.2;-123.81;7;2011;2024;14;ENTRANCE ISLAND;BC;Lin
22;1022795;50.45;-125.99;5;2006;2024;16;FANNY ISLAND;BC;Lin
23;1025369;49.05;-123.87;28;1985;2017;32;NANAIMO A;BC;Lin
24;10253G0;49.19;-123.98;114;1980;2007;25;NANAIMO CITY YARD;BC;Lin
25;1025C70;49.21;-123.95;7;1971;1991;20;NANAIMO DEPARTURE BAY;BC;Lin
26;1026273;50.68;-127.37;21;1973;2024;31;PORT HARDY AIRPORT;BC;Lin
27;1026562;49.33;-124.39;58;1983;2024;21;QUALICUM BEACH AIRPORT;BC;Lin
28;1027775;50;-125.58;201;1968;1982;14;STRATHCONA DAM;BC;Lin
29;1030426;48.92;-125.54;26;1980;1999;20;AMPHITRITE POINT;BC;Lin
30;1031413;48.9;-125;61;1975;1986;11;CARNATION CREEK CDF;BC;Lin
31;1032731;49.38;-126.54;5;1969;2023;28;ESTEVAN POINT CS;BC;Lin
32;1036B06;49.31;-124.92;76;1969;2024;35;PORT ALBERNI (AUT);BC;Poly
33;1038205;49.08;-125.77;24;1970;2017;45;TOFINO A;BC;Lin
34;1041710;49.71;-123.53;22;1969;1990;21;CLOWHOM FALLS;BC;Lin
35;1042255;49.98;-123.13;381;1968;1983;15;DAISY LAKE DAM;BC;Lin
36;1045100;49.46;-123.91;7;1979;1998;19;MERRY ISLAND LIGHTSTATION;BC;Lin
37;10459NN;49.48;-123.29;7;2005;2024;20;HOWE SOUND - PAM ROCKS;BC;Lin
38;1046332;49.52;-123.49;125;1964;2024;23;PORT MELLON;BC;Lin
39;1046392;49.83;-124.49;125;1982;2024;40;POWELL RIVER;BC;Lin
40;1047172;49.45;-123.71;86;1983;2024;33;SECHELT AUT;BC;Lin
41;10476F0;49.78;-123.16;53;1982;2024;25;SQUAMISH AIRPORT;BC;Lin
42;1051351;51.93;-131.01;87;1983;2021;10;CAPE ST JAMES;BC;Lin
43;1054503;54.25;-133.05;46;1982;2024;41;LANGARA ISLAND RCS;BC;Lin
44;10551R8;52.93;-132.12;3;1991;2007;11;MORESBY ISLAND MITCHELL INLET;BC;Lin
45;1057051;53.24;-131.81;6;1972;2024;46;SANDSPIT AIRPORT AUTO;BC;Lin
46;1060842;52.36;-126.81;13;1970;1985;16;BELLA COOLA BC HYDRO;BC;Lin
47;1060844;52.38;-126.58;36;1983;2024;38;BELLA COOLA AIRPORT;BC;Lin
48;1063303;54.58;-130.69;9;2007;2024;13;GREY ISLET (AUT);BC;Lin
49;1063461;50.93;-127.63;13;2006;2024;18;HERBERT ISLAND (AUT);BC;Lin
50;1063496;54.17;-130.36;5;2010;2024;15;HOLLAND ROCK;BC;Lin
51;1064324;54.05;-128.63;98;1966;2024;15;KITIMAT FOREST AVE;BC;Poly
52;1066481;54.29;-130.44;35;1970;2004;35;PRINCE RUPERT A;BC;Lin
53;1067742;55.93;-129.98;7;1978;2015;32;STEWART A;BC;Poly
54;1068130;54.46;-128.57;217;1969;2002;28;TERRACE A;BC;Lin
55;1068131;54.5;-128.62;67;1968;2017;47;TERRACE PCC;BC;Lin
56;1076638;54.61;-126.9;533;1963;1994;13;QUICK;BC;Lin
57;1077501;54.82;-127.18;517;1971;2024;42;SMITHERS AIRPORT AUTO;BC;Lin
58;1084490;50.83;-122.86;685;1970;1982;12;LAJOIE DAM;BC;Lin
59;1085836;53.77;-125.99;861;2010;2023;12;OOTSA LAKESKINS LAKE CLIMATE;BC;Lin
60;1086082;50.3;-122.73;204;1969;2024;25;PEMBERTON AIRPORT CS;BC;Lin
61;1086558;52.11;-124.13;909;1969;2021;18;PUNTZI MOUNTAIN (AUT);BC;Lin
62;1087600;54.03;-125.76;730;1963;1975;12;SOUTHBANK;BC;Lin
63;1088015;51.67;-124.4;875;2006;2021;12;TATLAYOKO LAKE RCS;BC;Poly
64;1091174;54.38;-125.95;713;1969;2024;36;BURNS LAKE DECKER LAKE;BC;Lin
65;1092970;54.45;-124.28;691;1976;2010;30;FORT ST JAMES;BC;Lin
66;1092975;54.45;-124.28;688;1979;2024;22;FORT ST JAMES AUTO;BC;Lin
67;1093599;52.33;-121.41;784;1970;1983;14;HORSEFLY BCFS;BC;Lin
68;1094125;52.81;-122.36;670;1981;1992;11;KERSLEY;BC;Lin
69;1094948;53.42;-120.35;733;1993;2005;12;MCBRIDE ELDER CREEK;BC;Lin
70;1094955;53.36;-120.25;771;1973;1991;18;MCBRIDE NORTH;BC;Lin
71;1096453;53.88;-122.67;680;1960;2024;56;PRINCE GEORGE AIRPORT AUTO;BC;Lin
72;1096454;53.89;-122.79;601;2012;2024;13;PRINCE GEORGE MASSEY AUTO;BC;Lin
73;1096631;53.02;-122.5;545;2009;2024;16;QUESNEL AIRPORT AUTO;BC;Lin
74;1098940;52.18;-122.05;939;1993;2002;10;WILLIAMS LAKE A;BC;Lin
75;1100030;49.02;-122.36;59;1977;2001;24;ABBOTSFORD A;BC;Lin
76;1100119;49.24;-121.76;19;1955;2024;37;AGASSIZ RCS;BC;Lin
77;1100360;49.28;-122.48;117;1971;1982;12;ALOUETTE LAKE;BC;Lin
78;1100875;50.12;-122.95;659;1969;2024;35;WHISTLER - NESTERS;BC;Lin
79;1101140;49.38;-122.86;10;1969;1983;15;BUNTZEN LAKE;BC;Lin
80;1101300;50.14;-123.11;884;2013;2024;12;CALLAGHAN VALLEY;BC;Lin
81;1101562;49.11;-121.9;228;1964;1980;16;CHILLIWACK MICROWAVE;BC;Lin
82;1101890;49.36;-122.8;160;1971;1982;12;COQUITLAM LAKE;BC;Lin
83;1102221;49.07;-121.97;45;2012;2024;13;CULTUS LAKE;BC;Lin
84;1102415;49.12;-123;3;1963;2024;24;DELTA BURNS BOG;BC;Lin
85;1103328;49.2;-122.51;320;1964;1984;21;HANEY MICROWAVE;BC;Lin
86;1103332;49.26;-122.57;147;1963;2016;52;HANEY UBC RF ADMIN;BC;Lin
87;1103636;49.03;-122.2;25;1961;1976;13;HUNTINGDON VYE ROAD;BC;Lin
88;1104555;49.05;-122.58;100;1972;1986;15;LANGLEY LOCHIEL;BC;Lin
89;1105192;49.15;-122.27;197;1963;2017;54;MISSION WEST ABBEY;BC;Lin
90;1105660;49.36;-123.03;190;1964;1983;19;N VANCOUVER LYNN CREEK;BC;Lin
91;1106178;49.2;-122.69;5;1974;2024;24;PITT MEADOWS CS;BC;Lin
92;1106180;49.27;-122.63;5;1965;2007;40;PITT POLDER;BC;Lin
93;1106256;49.26;-122.78;6;1971;1990;11;PORT COQUITLAM CITY YARD;BC;Lin
94;1106CL2;49.27;-122.88;129;1971;2001;29;PORT MOODY GLENAYRE;BC;Lin
95;1107873;49.19;-122.85;78;1962;1999;37;SURREY KWANTLEN PARK;BC;Lin
96;1107876;49.1;-122.82;76;1963;2000;12;SURREY MUNICIPAL HALL;BC;Lin
97;1108380;49.18;-123.18;2;1953;2024;70;VANCOUVER SEA ISLAND CCG;BC;Lin
98;1108446;49.29;-123.12;2;1970;2024;28;VANCOUVER HARBOUR CS;BC;Lin
99;1108453;49.26;-123.16;12;1915;1944;30;VANCOUVER KITSILANO;BC;Lin
100;1108487;49.25;-123.25;76;1958;1990;33;VANCOUVER UBC;BC;Lin
101;1108824;49.34;-123.19;170;2013;2024;11;WEST VANCOUVER AUT;BC;Lin
102;1108910;49.01;-122.78;13;1964;2024;37;WHITE ROCK CAMPBELL SCIENTIFIC;BC;Lin
103;110JA54;49.28;-122.91;464;1974;1991;17;BURNABY MTN BCHPA;BC;Lin
104;110N6FF;49.36;-123.09;182;1990;2010;19;N VANC SONORA DR;BC;Lin
105;1113420;49.78;-121.45;121;1974;1987;12;HELLS GATE;BC;Lin
106;1113543;49.36;-121.49;39;1964;2024;45;HOPE AIRPORT;BC;Lin
107;1114619;50.68;-121.93;239;1973;2024;37;LILLOOET;BC;Lin
108;1114741;50.23;-121.58;229;1970;1990;21;LYTTON;BC;Lin
109;1117215;50.72;-122.24;243;1982;1998;11;SHALALTH;BC;Lin
110;1123970;49.95;-119.37;429;1969;2004;34;KELOWNA A;BC;Lin
111;1123992;49.87;-119.48;349;1969;1991;19;KELOWNA PC BURNETTS NURSERY;BC;Lin
112;1125073;50.11;-120.77;591;2013;2024;11;MERRITT;BC;Lin
113;1125766;49.17;-119.54;297;1973;2007;32;OLIVER STP;BC;Lin
114;1126150;49.46;-119.6;344;1953;2002;45;PENTICTON A;BC;Lin
115;1126510;49.46;-120.51;701;1979;2017;33;PRINCETON A;BC;Lin
116;1128582;50.22;-119.19;482;1972;2024;34;VERNON AUTO;BC;Lin
117;112FN0M;49.46;-120.51;696;2011;2024;13;PRINCETON CS;BC;Poly
118;112G8L1;49.56;-119.64;454;1955;2024;46;SUMMERLAND CS;BC;Lin
119;1141455;49.29;-117.63;495;1973;1995;21;CASTLEGAR A;BC;Lin
120;1141457;49.34;-117.77;435;1969;1998;28;CASTLEGAR BCHPA DAM;BC;Lin
121;1142574;50.23;-116.97;548;1969;2013;38;DUNCAN LAKE DAM;BC;Lin
122;1142820;49.87;-118.06;490;1974;2005;29;FAUQUIER;BC;Lin
123;1145297;50.26;-117.81;512;2011;2024;13;NAKUSP CS;BC;Lin
124;1145M29;49.49;-117.3;534;2012;2024;12;NELSON CS;BC;Lin
125;1148211;49.19;-117.72;594;1965;1997;32;TRAIL BIRCHBANK;BC;Lin
126;1148705;49.11;-117.73;566;2009;2024;14;WARFIELD RCS;BC;Lin
127;114B1F0;49.08;-116.5;640;1980;2024;35;CRESTON CAMPBELL SCIENTIFIC;BC;Lin
128;1152106;49.61;-115.78;926;1969;2024;43;CRANBROOK AIRPORT AUTO;BC;Lin
129;1154203;49.63;-115.96;889;1976;2010;34;KIMBERLEY PCC;BC;Lin
130;1157631;49.74;-114.88;1136;1980;2024;41;SPARWOOD CS;BC;Lin
131;1160515;50.7;-121.28;327;2014;2024;10;ASHCROFT;BC;Lin
132;1160H99;52.12;-119.28;682;1970;2024;53;BLUE RIVER CS;BC;Lin
133;1161650;51.65;-120.08;438;2014;2024;10;CLEARWATER AUTO;BC;Lin
134;1161663;51.14;-121.5;1059;2015;2024;10;CLINTON RCS;BC;Lin
135;1163842;50.7;-120.44;345;1965;2024;54;KAMLOOPS AUT;BC;Lin
136;1166R45;50.68;-119.23;527;1964;2016;44;SALMON ARM A;BC;Lin
137;116FRMN;50.7;-119.29;350;2009;2024;16;SALMON ARM CS;BC;Lin
138;1173220;51.3;-116.98;785;1973;2024;45;GOLDEN AIRPORT;BC;Lin
139;1175122;52.05;-118.58;579;1969;1982;10;MICA DAM;BC;Lin
140;1176755;50.95;-118.17;444;1970;2024;32;REVELSTOKE AIRPORT AUTO;BC;Lin
141;1178CL9;52.85;-119.25;891;1970;1989;17;VALEMOUNT NORTH;BC;Lin
142;11790J1;51.44;-116.34;1602;2005;2024;19;YOHO PARK;BC;Lin
143;117R00F;51.38;-116.53;1219;1974;1988;14;YOHO NAT PARK BOULDER CR;BC;Lin
144;1181508;55.68;-121.62;609;1970;2016;31;CHETWYND A;BC;Lin
145;1182285;55.74;-120.18;654;1969;2002;26;DAWSON CREEK A;BC;Lin
146;1183002;56.24;-120.74;695;1973;2024;27;FORT ST JOHN AIRPORT;BC;Lin
147;1183090;55.78;-124.7;766;1964;2013;15;GERMANSEN LANDING;BC;Lin
148;1183FL0;56.01;-122.2;678;1971;1986;14;HUDSON HOPE BCHPA DAM;BC;Lin
149;1184793;55.3;-123.13;694;1971;2024;35;MACKENZIE AIRPORT AUTO;BC;Lin
150;1187335;57.25;-122.71;937;1991;2011;16;SIKANNI CHIEF;BC;Lin
151;1188696;57.43;-125.63;777;1964;1981;13;WARE;BC;Lin
152;1192948;58.84;-122.57;380;1966;2024;43;FORT NELSON;BC;Lin
153;1195250;58.93;-125.76;836;1983;2013;27;MUNCHO LAKE;BC;Lin
154;1195J29;58.65;-124.23;810;1994;2011;15;TETSA RIVER;BC;Lin
155;119BLM0;58.42;-130.02;800;1973;2024;36;DEASE LAKE (AUT);BC;Lin
156;1200560;59.56;-133.7;673;1977;2014;23;ATLIN;BC;Lin
157;1206197;59.45;-136.36;274;1977;1998;16;PLEASANT CAMP;BC;Lin
158;1208041;57.9;-131.33;249;1979;1996;15;TELEGRAPH CREEK;BC;Lin
159;1208202;57.6;-130.06;899;1975;1990;15;TODAGIN RANCH;BC;Lin
160;2100184;61.36;-139.01;807;1975;2024;22;BURWASH AIRPORT AUTO;YT;Lin
161;2100301;62.11;-136.19;542;1964;2024;23;CARMACKS CS;YT;Lin
162;2100518;62.2;-133.37;716;2013;2024;11;FARO (AUT);YT;Poly
163;2100630;60.77;-137.58;595;1964;2024;23;HAINES JUNCTION;YT;Poly
164;2100697;68.8;-140.84;568;2015;2024;10;MARGARET LAKE;YT;Lin
165;2100700;63.61;-135.86;503;1979;2016;26;MAYO A;YT;Lin
166;2100805;67.57;-139.83;251;2011;2024;12;OLD CROW RCS;YT;Lin
167;2100881;62.81;-137.36;454;1966;2023;44;PELLY RANCH FORT SELKIRK;YT;Lin
168;2100LRP;64.06;-139.12;370;1976;2024;35;DAWSON;YT;Lin
169;2101102;60.16;-132.73;705;1967;2024;43;TESLIN (AUT);YT;Lin
170;2101204;60.11;-128.83;683;1970;2024;34;WATSON LAKE (AUT);YT;Lin
171;2101310;60.73;-135.09;707;1960;2024;52;WHITEHORSE AUTO;YT;Lin
172;2201022;65.2;-123.43;212;2005;2024;19;DELINE CS;NT;Lin
173;2201579;60.23;-123.46;213;2006;2024;18;FORT LIARD;NT;Lin
174;2201903;62.71;-109.16;167;1972;2023;28;FORT RELIANCE (AUT);NT;Lin
175;2202102;61.76;-121.23;168;1969;2024;49;FORT SIMPSON CLIMATE;NT;Lin
176;2202202;60.02;-111.92;203;2005;2024;20;FORT SMITH CLIMATE;NT;Poly
177;2202401;60.83;-115.78;164;1971;2015;39;HAY RIVER A;NT;Lin
178;2202402;60.83;-115.77;164;2005;2024;18;HAY RIVER CLIMATE;NT;Lin
179;2202578;68.31;-133.51;103;1972;2024;39;INUVIK CLIMATE;NT;Lin
180;2202810;65.28;-126.75;93;1974;2024;45;NORMAN WELLS CLIMATE;NT;Lin
181;2203058;69.35;-124.08;6;2005;2024;15;PAULATUK;NT;Lin
182;2203922;61.95;-128.25;1143;1976;1989;10;TUNGSTEN;NT;Lin
183;2204108;62.47;-114.44;205;1963;2024;35;YELLOWKNIFE AIRPORT;NT;Lin
184;2300501;64.31;-96;50;1987;2024;36;BAKER LAKE CLIMATE;NU;Lin
185;2300904;67.81;-115.13;22;2005;2024;20;KUGLUKTUK CLIMATE;NU;Lin
186;2301010;64.18;-83.35;57;1988;2024;20;CORAL HARBOUR RCS;NU;Lin
187;2301153;61.1;-94.06;9;2005;2024;19;ARVIAT CLIMATE;NU;Poly
188;2302340;68.63;-95.85;42;2005;2024;17;GJOA HAVEN CLIMATE;NU;Lin
189;2303094;68.53;-89.79;15;2005;2024;17;KUGAARUK CLIMATE;NU;Lin
190;2303401;62.81;-92.11;32;1987;2000;10;RANKIN INLET A;NU;Lin
191;2303668;56.53;-79.26;34;2015;2024;10;SANIKILUAQ;NU;Lin
192;230N002;65.75;-111.24;488;2011;2024;13;LUPIN CS;NU;Lin
193;2400573;67.54;-64.03;6;2006;2024;12;QIKIQTARJUAQ CLIMATE;NU;Lin
194;2400602;69.1;-105.13;18;1969;2024;39;CAMBRIDGE BAY GSN;NU;Lin
195;2400636;64.23;-76.53;50;1971;2024;34;KINNGAIT;NU;Lin
196;2400802;70.48;-68.51;26;1978;2024;22;CLYDE RIVER CLIMATE;NU;Lin
197;2402353;68.77;-81.24;8;1987;2024;29;SANIRAJAK;NU;Lin
198;2402592;63.74;-68.54;33;1982;2024;34;IQALUIT CLIMATE;NU;Lin
199;2403049;66.14;-65.71;22;2008;2024;14;PANGNIRTUNG;NU;Lin
200;2403204;72.69;-77.95;64;1975;2021;28;POND INLET CLIMATE;NU;Lin
201;2502505;70.76;-117.79;29;2005;2024;16;ULUKHAKTOK;NT;Poly
202;2503648;71.99;-125.25;87;1978;2024;23;SACHS HARBOUR CLIMATE;NT;Lin
203;3011240;53.05;-112.81;739;1982;2024;28;CAMROSE;AB;Lin
204;3011887;52.07;-111.44;791;1976;2024;34;CORONATION CLIMATE;AB;Lin
205;3012206;53.3;-113.6;715;1961;2024;59;EDMONTON INTERNATIONAL CS;AB;Lin
206;3012209;53.57;-113.51;671;1914;2021;75;EDMONTON BLATCHFORD;AB;Lin
207;3012210;53.66;-113.46;687;1965;1994;29;EDMONTON NAMAO A;AB;Lin
208;3012275;53.68;-112.86;716;1985;2024;20;ELK ISLAND NAT PARK;AB;Lin
209;3012295;53.41;-113.55;693;1965;1986;18;ELLERSLIE;AB;Lin
210;3015523;52.42;-114.91;988;1964;2024;43;ROCKY MTN HOUSE (AUT);AB;Lin
211;3016860;53.14;-115.12;914;2005;2021;14;VIOLET GROVE CS;AB;Lin
212;3016GF0;53.5;-112.09;639;1971;2024;39;VEGREVILLE;AB;Lin
213;301A001;53.54;-114.1;766;1989;2024;24;EDMONTON STONY PLAIN CS;AB;Lin
214;301B460;51.66;-110.2;707;2005;2024;19;ESTHER 1;AB;Lin
215;301S001;52.82;-111.09;686;2005;2024;11;WAINWRIGHT CFB AIRFIELD 21;AB;Lin
216;30221LG;51.44;-112.67;678;2005;2024;19;DRUMHELLER EAST;AB;Lin
217;3023722;52.44;-113.75;860;1970;2024;41;LACOMBE CDA 2;AB;Lin
218;3025481;52.18;-113.89;904;1959;2014;49;RED DEER REGIONAL A;AB;Lin
219;3026KNQ;51.77;-114.68;1114;2005;2024;17;SUNDRE A;AB;Lin
220;3030QLP;50.55;-111.84;747;1965;2024;39;BROOKS;AB;Lin
221;3031094;51.1;-114;1081;1947;2024;70;CALGARY INT L CS;AB;Lin
222;3031640;50;-113.63;1009;2005;2024;20;CLARESHOLM;AB;Lin
223;3033890;49.69;-112.76;910;1960;2021;51;LETHBRIDGE CDA;AB;Lin
224;3034485;50.02;-110.71;715;1971;2024;49;MEDICINE HAT RCS;AB;Lin
225;3035208;49.52;-114;1190;1965;2024;35;PINCHER CREEK CLIMATE;AB;Lin
226;3036099;50.18;-113.88;1363;2005;2024;18;STAVELY AAFC;AB;Lin
227;3036682;50.05;-112.13;779;1956;2024;50;VAUXHALL CDA CS;AB;Lin
228;3044533;49.13;-112.05;1050;2006;2024;19;MILK RIVER;AB;Lin
229;3044923;49.11;-110.46;935;1964;2024;36;ONEFOUR CDA;AB;Lin
230;3050519;51.19;-115.55;1396;2005;2024;15;BANFF CS;AB;Lin
231;3050602;49.46;-114.17;1257;2012;2024;12;BEAVER MINES;AB;Lin
232;3050778;51.08;-115.06;1297;2006;2024;18;BOW VALLEY;AB;Lin
233;3051R4R;49.62;-114.48;1303;2005;2024;10;CROWSNEST;AB;Lin
234;3053520;52.88;-118.06;1062;1963;1994;31;JASPER;AB;Lin
235;3053536;52.92;-118.02;1020;2005;2024;18;JASPER WARDEN;AB;Lin
236;3053600;51.02;-115.03;1391;1982;1998;12;KANANASKIS;AB;Lin
237;3056214;49.13;-113.8;1289;2005;2024;19;WATERTON PARK GATE;AB;Lin
238;3060535;54.09;-114.44;648;2006;2024;13;BARRHEAD CS;AB;Poly
239;3062246;53.58;-116.45;927;1970;2024;38;EDSON CLIMATE;AB;Lin
240;3062696;56.65;-111.21;368;1966;2024;46;FORT MCMURRAY CS;AB;Lin
241;3063686;54.76;-112.02;567;2005;2024;18;LAC LA BICHE CLIMATE;AB;Lin
242;3064528;57.04;-111.55;310;1974;2021;24;MILDRED LAKE;AB;Lin
243;3065997;55.29;-114.77;582;1973;2024;32;SLAVE LAKE RCS;AB;Lin
244;3067372;54.14;-115.78;782;1982;2012;29;WHITECOURT A;AB;Lin
245;306GE70;53.38;-118.34;1370;2005;2024;12;WILLOW CREEK 1;AB;Lin
246;3070600;55.19;-119.39;745;1961;2024;51;BEAVERLODGE RCS;AB;Lin
247;3072659;58.76;-111.11;238;1969;2024;31;FORT CHIPEWYAN RCS;AB;Lin
248;3072723;58.38;-116.04;289;1962;2024;24;FORT VERMILION;AB;Lin
249;3072920;55.17;-118.88;669;1968;1993;22;GRANDE PRAIRIE A;AB;Lin
250;3073148;58.63;-117.16;339;1971;2024;35;HIGH LEVEL;AB;Lin
251;3075040;56.22;-117.44;570;1966;2011;39;PEACE RIVER A;AB;Lin
252;3075488;56.55;-115.27;546;2008;2023;12;RED EARTH;AB;Poly
253;3077246;55.71;-117.63;393;1963;1993;20;WATINO;AB;Lin
254;307KPFP;58.71;-113.86;240;2006;2024;14;GARDEN RIVER;AB;Lin
255;3081680;54.41;-110.28;541;1966;2017;49;COLD LAKE A;AB;Lin
256;4010811;50.2;-104.71;580;2006;2024;18;BRATT S LAKE CLIMATE;SK;Poly
257;4010879;50.36;-102.57;599;1965;2024;49;BROADVIEW;SK;Lin
258;4012164;50.36;-104.16;655;1952;1993;30;DAVIN 5;SK;Lin
259;4012410;49.21;-102.96;580;1964;2024;60;ESTEVAN;SK;Poly
260;4013480;50.55;-103.65;579;1962;2024;52;INDIAN HEAD CDA;SK;Lin
261;4013490;50.5;-103.68;604;1961;1995;33;INDIAN HEAD PFRA;SK;Lin
262;4014156;51.41;-105.25;497;2005;2024;18;LAST MOUNTAIN CS;SK;Lin
263;4015322;50.33;-105.53;577;1960;2024;57;MOOSE JAW CS;SK;Lin
264;4015680;49.71;-105.36;685;1969;1996;26;ORMISTON;SK;Lin
265;4016699;50.43;-104.66;577;1941;2024;69;REGINA RCS;SK;Lin
266;4018642;51.66;-105.4;525;2005;2024;14;WATROUS EAST;SK;Poly
267;4019073;51.26;-102.46;498;1962;2024;48;YORKTON;SK;Lin
268;40190LN;51.76;-104.2;560;1965;2024;55;WYNYARD (AUT);SK;Poly
269;401HP5R;49.7;-103.8;588;1962;2024;50;WEYBURN;SK;Poly
270;4020286;49.72;-105.94;725;2005;2024;20;ASSINIBOIA AIRPORT;SK;Lin
271;4022359;51.13;-106.58;595;1982;2024;24;ELBOW CS;SK;Lin
272;4024714;50.95;-107.15;664;2005;2024;19;LUCKY LAKE;SK;Lin
273;4024919;49.9;-109.46;766;2006;2024;17;MAPLE CREEK;SK;Poly
274;4028040;50.3;-107.68;816;1970;1994;25;SWIFT CURRENT A;SK;Lin
275;4028060;50.26;-107.73;825;1959;2024;55;SWIFT CURRENT CDA;SK;Lin
276;402DAF0;50.9;-109.5;675;2005;2024;17;LEADER AIRPORT;SK;Lin
277;40318MN;49.05;-105.48;756;2005;2024;14;CORONACH SPC;SK;Lin
278;4031999;49.64;-109.51;1270;2007;2024;18;CYPRESS HILLS PARK;SK;Lin
279;4032322;49.43;-108.98;1079;2005;2024;19;EASTEND CYPRESS (AUT);SK;Lin
280;4036844;49.16;-105.97;917;1971;2024;26;ROCKGLEN (AUT);SK;Lin
281;4038412;49.05;-107.58;796;2011;2024;14;VAL MARIE SOUTHEAST;SK;Poly
282;404037Q;51.31;-108.41;637;1972;1986;15;BAD LAKE IHD 102;SK;Poly
283;4043902;51.51;-109.17;691;1966;2024;53;KINDERSLEY AIRPORT;SK;Lin
284;4045607;52.77;-108.25;548;1975;2024;46;NORTH BATTLEFORD RCS;SK;Lin
285;4046884;51.56;-107.91;586;2005;2024;20;ROSETOWN EAST;SK;Lin
286;4047240;52.35;-108.83;659;1961;2024;51;SCOTT CDA;SK;Lin
287;4055079;52.81;-104.6;490;1974;2024;35;MELFORT;SK;Lin
288;4055736;51.48;-107.05;541;1963;2024;45;OUTLOOK PFRA;SK;Lin
289;4056121;52.41;-105.15;552;2013;2024;11;PILGER;SK;Lin
290;4056243;53.21;-105.67;425;1960;2024;46;PRINCE ALBERT GLASS FIELD;SK;Lin
291;4057165;52.17;-106.71;504;1960;2024;47;SASKATOON RCS;SK;Poly
292;4057200;52.13;-106.63;515;1926;1959;33;SASKATOON U OF S;SK;Lin
293;4057202;52.11;-106.68;483;1982;2000;17;SASKATOON WATER TP;SK;Poly
294;4060983;55.84;-108.42;440;1968;2024;48;BUFFALO NARROWS (AUT);SK;Lin
295;4061590;58.36;-109.51;330;1982;1998;16;CLUFF LAKE;SK;Lin
296;4061620;58.22;-103.67;412;1973;2024;32;COLLINS BAY SK;SK;Lin
297;4061861;57.35;-107.13;494;1970;1993;24;CREE LAKE;SK;Lin
298;4063605;55.53;-102.35;297;1966;2021;45;ISLAND FALLS (AUT);SK;Lin
299;4063753;57.25;-105.6;513;2011;2024;13;KEY LAKE;SK;Lin
300;4064149;55.14;-105.27;378;1966;2022;50;LA RONGE RCS;SK;Lin
301;4064620;54.01;-109.13;545;2010;2024;14;LOON LAKE RCS;SK;Lin
302;4067655;56.33;-103.28;344;2005;2024;15;SOUTHEND;SK;Lin
303;4067723;53.36;-107.55;584;2005;2024;17;SPIRITWOOD WEST;SK;Poly
304;4067PR5;59.25;-105.83;245;1986;2008;22;STONY RAPIDS A;SK;Lin
305;4068559;53.91;-106.06;569;1977;2024;29;WASKESIU LAKE;SK;Lin
306;406N0NM;54.13;-108.51;481;1979;2024;42;MEADOW LAKE;SK;Lin
307;406QLD0;59.56;-108.48;318;1965;2024;36;URANIUM CITY (AUT);SK;Lin
308;407N51G;53.33;-104;371;1974;2024;41;NIPAWIN;SK;Lin
309;4083324;52.81;-102.31;358;1966;2024;44;HUDSON BAY(AUT);SK;Lin
310;5010485;49.86;-99.98;362;1960;1985;24;BRANDON CDA;MB;Lin
311;5010490;49.9;-99.95;409;1970;2024;44;BRANDON RCS;MB;Lin
312;5010547;49.9;-99.35;383;2005;2024;17;CARBERRY CS;MB;Poly
313;5010641;49.56;-99.07;374;2010;2024;12;CYPRESS RIVER RCS;MB;Poly
314;5012324;49.9;-98.28;272;1964;2024;47;PORTAGE SOUTHPORT;MB;Lin
315;5012469;51.18;-101.36;539;2005;2024;18;ROBLIN;MB;Poly
316;5012654;50.45;-100.6;561;2006;2024;17;SHOAL LAKE CS;MB;Lin
317;5013117;50.65;-99.94;627;2005;2024;18;WASAGAMING;MB;Lin
318;501A7AR;49.28;-100.98;445;2006;2021;15;MELITA;MB;Lin
319;5020725;49.39;-98.31;341;1964;2024;43;DEERWOOD RCS;MB;Lin
320;5020881;49;-97.23;242;2009;2024;12;EMERSON AUTO;MB;Poly
321;5021054;49.65;-97.11;234;1967;2000;32;GLENLEA;MB;Poly
322;5021220;49.03;-97.56;252;2006;2024;15;GRETNA (AUT);MB;Lin
323;5021500;49.51;-96.9;246;2015;2024;10;KLEEFELD (MAFRI);MB;Lin
324;5021737;49.45;-98.25;297;1996;2010;10;MIAMI THIESSEN;MB;Lin
325;5021849;49.18;-98.08;297;1977;2024;37;MORDEN CDA CS;MB;Lin
326;5022125;49.19;-98.9;470;1965;2024;40;PILOT MOUND (AUT);MB;Lin
327;50225DP;50.05;-97.03;231;1976;1985;10;ST ANDREWS A;MB;Lin
328;5022759;49.02;-95.59;328;2005;2024;18;SPRAGUE;MB;Lin
329;5023261;49.95;-97.1;232;1961;1985;19;WINNIPEG STP;MB;Lin
330;5023262;49.88;-97.12;230;1961;2024;37;WINNIPEG THE FORKS;MB;Poly
331;502I001;49.49;-98.02;268;2006;2024;17;CARMAN U OF M CS;MB;Lin
332;502S001;49.91;-97.24;238;1944;2024;65;WINNIPEG A CS;MB;Poly
333;5030203;52.35;-97.02;221;1985;2024;25;BERENS RIVER CS;MB;Lin
334;5030282;51.03;-95.7;259;1969;1984;16;BISSETT;MB;Lin
335;50309J6;51.08;-97.55;253;2006;2024;17;FISHER BRANCH (AUT);MB;Lin
336;5031042;50.63;-97.05;230;1964;2024;43;GIMLI CLIMATE;MB;Lin
337;5031201;50.52;-95.97;253;2009;2024;12;GREAT FALLS CLIMATE;MB;Lin
338;5031320;49.62;-95.19;326;1961;2002;29;INDIAN BAY;MB;Lin
339;5031A10;53.18;-99.26;222;1966;2024;28;GRAND RAPIDS (AUT);MB;Lin
340;503B1ER;50.17;-96.06;268;2006;2024;14;PINAWA;MB;Poly
341;5040681;51.1;-100.05;304;1954;2024;50;DAUPHIN CS;MB;Lin
342;5042005;50.21;-99.46;358;1984;2006;19;NEEPAWA WATER;MB;Poly
343;5043158;50.71;-99.53;351;1989;2024;25;MCCREARY;MB;Lin
344;504K0NM;50.49;-98.03;249;2011;2024;11;OAKPOINT MARINE;MB;Lin
345;504K80K;52.11;-101.23;334;2006;2024;14;SWAN RIVER RCS;MB;Lin
346;5050919;54.68;-101.68;303;1970;2024;49;FLIN FLON;MB;Lin
347;5052890;53.96;-101.1;274;1971;2024;49;THE PAS CLIMATE;MB;Lin
348;5060608;58.73;-94.06;28;1963;2024;52;CHURCHILL CLIMATE;MB;Lin
349;5060999;56.35;-94.7;145;1972;2024;44;GILLAM;MB;Lin
350;5061376;53.85;-94.65;235;1971;2013;36;ISLAND LAKE A;MB;Lin
351;5061422;56.03;-96.5;182;2007;2024;14;KELSEY DAM CS;MB;Lin
352;5061649;56.85;-101.06;354;1969;2024;47;LYNN LAKE RCS;MB;Lin
353;5062840;58.71;-98.5;262;2006;2024;12;TADOULE LAKE CS;MB;Lin
354;5062918;55.79;-97.87;214;1971;2024;47;THOMPSON AIRPORT;MB;Lin
355;506B0M7;54;-97.8;217;1963;1991;22;NORWAY HOUSE FORESTRY;MB;Poly
356;6010740;53.81;-89.89;222;1967;2024;32;BIG TROUT LAKE;ON;Lin
357;6012199;50.63;-93.22;362;1952;2024;64;EAR FALLS (AUT);ON;Lin
358;6014353;52.19;-87.93;253;1971;2024;33;LANSDOWNE HOUSE (AUT);ON;Lin
359;6016295;54.98;-85.43;52;2004;2024;20;PEAWANUCK (AUT);ON;Lin
360;6016525;51.44;-90.21;390;1953;2024;58;PICKLE LAKE (AUT);ON;Lin
361;6016975;51.06;-93.79;385;1978;2012;27;RED LAKE A;ON;Lin
362;6020LPQ;48.76;-91.62;389;1967;2024;40;ATIKOKAN (AUT);ON;Lin
363;6022474;48.65;-93.43;342;2007;2024;16;FORT FRANCES RCS;ON;Poly
364;6034073;49.79;-94.37;412;1966;2024;52;KENORA RCS;ON;Lin
365;6036907;49.66;-93.73;435;1971;2024;35;RAWSON LAKE (AUT);ON;Lin
366;6037800;50.11;-91.9;338;1963;2024;52;SIOUX LOOKOUT AIRPORT;ON;Lin
367;6040325;50.29;-88.9;322;1969;2024;19;ARMSTRONG (AUT);ON;Lin
368;6041110;49.15;-88.34;232;1998;2024;22;CAMERON FALLS (AUT);ON;Lin
369;6041222;47.33;-85.83;187;1966;2024;26;CARIBOU ISLAND (AUT);ON;Poly
370;6042719;49.78;-86.93;340;1952;2024;60;GERALDTON AIRPORT;ON;Lin
371;6046768;48.6;-86.28;191;1983;2024;27;PUKASKWA (AUT);ON;Poly
372;6047810;48.62;-86.99;185;1967;1988;20;SLATE ISLAND;ON;Lin
373;6048232;48.81;-87.09;290;1999;2024;15;TERRACE BAY AIRPORT;ON;Lin
374;6048268;48.36;-89.32;199;1952;2024;61;THUNDER BAY CS;ON;Lin
375;6049095;49.03;-90.46;488;2004;2024;17;UPSALA (AUT);ON;Poly
376;6049443;48.36;-89.11;211;2013;2024;11;WELCOME ISLAND (AUT);ON;Poly
377;6052259;46.35;-82.56;331;1995;2007;11;ELLIOT LAKE A;ON;Lin
378;6054425;47.72;-84.81;400;2014;2024;11;LAKE SUPERIOR PROVINCIAL PARK;ON;Lin
379;6055210;46.43;-83.38;225;1971;1996;22;MISSISSAGI ONT HYDRO;ON;Lin
380;6056907;46.33;-83.5;243;1954;1970;16;RAYNER;ON;Lin
381;6057593;46.47;-84.51;187;1962;2024;55;SAULT STE. MARIE AIRPORT;ON;Lin
382;6059408;47.96;-84.78;287;1980;2014;29;WAWA (AUT);ON;Lin
383;6059475;48.6;-85.28;378;1953;1975;21;WHITE RIVER;ON;Lin
384;6061366;47.81;-83.35;447;1971;2024;32;CHAPLEAU AIRPORT;ON;Lin
385;6068145;46.63;-80.79;348;1971;2024;51;SUDBURY CLIMATE;ON;Lin
386;6068158;46.46;-81;263;1959;1995;19;SUDBURY SCIENCE NORTH;ON;Lin
387;6072230;47.69;-79.84;243;1983;2024;29;EARLTON CLIMATE;ON;Lin
388;6073980;49.4;-82.44;218;1966;2024;54;KAPUSKASING CDA ON;ON;Lin
389;6074207;48.08;-80.06;280;1980;2024;42;KIRKLAND LAKE;ON;Lin
390;6075429;51.25;-80.66;0;1968;2024;49;MOOSONEE RCS;ON;Lin
391;6075543;49.74;-84.16;264;2004;2024;20;NAGAGAMI (AUT);ON;Lin
392;6076540;49.85;-81.6;231;1951;1981;24;PINARD;ON;Lin
393;6078282;48.55;-81.39;294;1952;2024;64;TIMMINS CLIMATE;ON;Lin
394;6079068;47.25;-79.58;240;1952;1970;16;UPPER NOTCH;ON;Lin
395;6080192;45.53;-78.26;397;2005;2024;19;ALGONQUIN PARK EAST GATE;ON;Lin
396;6084278;46.36;-78.73;172;1951;1970;10;LA CAVE;ON;Poly
397;6084307;45.95;-78.06;236;1966;1986;13;LAKE TRAVERSE;ON;Lin
398;6085695;46.37;-79.4;370;1964;2024;53;NORTH BAY AIRPORT;ON;Lin
399;6092920;45.88;-82.56;188;2010;2024;14;GORE BAY CLIMATE;ON;Poly
400;6093004;45.65;-82.96;182;1967;1985;18;GREAT DUCK ISLAND;ON;Lin
401;6100285;45.18;-76.11;133;2000;2016;15;APPLETON;ON;Lin
402;6100493;45.41;-77.8;335;1953;1971;14;BARK LAKE DAM;ON;Poly
403;6100970;44.63;-75.74;120;2008;2024;17;BROCKVILLE CLIMATE;ON;Lin
404;6100971;44.6;-75.66;96;1967;2017;43;BROCKVILLE PCC;ON;Lin
405;6101820;45.36;-77.61;286;1954;1977;20;COMBERMERE;ON;Poly
406;6101874;45.01;-74.74;64;1991;2015;22;CORNWALL;ON;Lin
407;6101901;45.03;-74.8;76;1957;1992;33;CORNWALL ONT HYDRO;ON;Lin
408;6103024;44.41;-75.85;82;1998;2023;14;GRENADIER ISLAND;ON;Lin
409;6104027;45;-75.63;99;1970;2024;51;KEMPTVILLE CS;ON;Lin
410;6104142;44.22;-76.59;93;1982;2024;34;KINGSTON CLIMATE;ON;Lin
411;6104175;44.24;-76.48;76;1914;2007;63;KINGSTON PUMPING STATION;ON;Lin
412;6105978;45.38;-75.71;79;1905;2024;65;OTTAWA CDA RCS;ON;Lin
413;6106000;45.32;-75.66;114;1967;2016;46;OTTAWA MACDONALD-CARTIER INT L A;ON;Lin
414;6106367;45.86;-77.25;161;1996;2024;21;PEMBROKE CLIMATE;ON;Lin
415;6106400;45.98;-77.43;183;1961;1994;33;PETAWAWA NAT FORESTRY;ON;Lin
416;6107836;44.88;-76;114;1964;1989;21;SMITHS FALLS TS;ON;Lin
417;6110557;44.37;-79.68;221;1979;2008;27;BARRIE WPCC;ON;Lin
418;6110607;45.14;-79.4;297;2006;2024;19;BEATRICE CLIMATE;ON;Poly
419;6110617;44.85;-79.86;183;1977;2007;24;BEAUSOLEIL;ON;Poly
420;6111792;44.5;-80.21;178;1973;2023;28;COLLINGWOOD;ON;Lin
421;6112072;45.21;-78.93;323;1962;2001;12;DORSET MOE;ON;Lin
422;6115525;44.96;-79.3;281;1999;2016;12;MUSKOKA A;ON;Lin
423;6115811;44.6;-79.43;250;1965;2004;35;ORILLIA BRAIN;ON;Lin
424;6116132;44.58;-80.93;178;1965;2006;37;OWEN SOUND MOE;ON;Poly
425;6116257;45.34;-80.04;176;2003;2024;21;PARRY SOUND CCG;ON;Lin
426;6116843;45.01;-79.68;228;1952;1970;14;RAGGED RAPIDS;ON;Lin
427;6117700;44.48;-79.55;289;2004;2024;21;BARRIE-ORO;ON;Lin
428;6119115;45.2;-79.35;297;1971;1983;11;UTTERSON ONT HYDRO;ON;Lin
429;6119500;44.74;-81.1;222;1973;2015;40;WIARTON A;ON;Lin
430;6,11E+03;44.23;-79.78;251;1989;2024;30;EGBERT CS;ON;Lin
431;6121912;45.33;-81.73;179;1965;1985;17;COVE ISLAND;ON;Poly
432;6122847;43.76;-81.71;213;1970;2024;39;GODERICH;ON;Poly
433;6127519;43;-82.3;181;1962;2024;58;SARNIA CLIMATE;ON;Lin
434;6128330;45.23;-81.63;213;1988;2024;30;TOBERMORY RCS;ON;Poly
435;6131415;42.39;-82.21;180;1966;2015;47;CHATHAM WPCP;ON;Lin
436;6131983;42.86;-80.55;231;1962;2024;59;DELHI CS;ON;Lin
437;6133362;42.03;-82.9;191;1966;2024;42;HARROW CDA AUTO;ON;Lin
438;6134610;42.55;-80.05;175;1967;1984;16;LONG POINT;ON;Poly
439;6135638;43.13;-79.08;182;1965;1990;26;NIAGARA FALLS;ON;Lin
440;6136699;43.25;-79.21;79;2004;2024;17;PORT WELLER (AUT);ON;Lin
441;6137154;42.45;-81.88;205;1959;2024;47;RIDGETOWN RCS;ON;Poly
442;6137287;43.2;-79.16;97;1954;2005;33;ST CATHARINES A;ON;Lin
443;6137362;42.76;-81.2;209;1926;2016;82;ST THOMAS WPCP;ON;Lin
444;6137730;42.85;-80.26;240;1962;1986;23;SIMCOE;ON;Lin
445;6139148;43.18;-79.4;79;1963;2024;42;VINELAND STATION RCS;ON;Poly
446;6139449;42.96;-79.33;178;2006;2024;18;WELLAND-PELHAM;ON;Lin
447;6139525;42.27;-82.95;189;1946;2016;66;WINDSOR A;ON;Poly
448;6139538;42.3;-83.06;179;1968;1979;12;WINDSOR UNIVERSITY;ON;Poly
449;613F606;42.86;-79.25;183;1964;2011;41;PORT COLBORNE (AUT);ON;Lin
450;613P001;41.94;-82.51;176;1975;2024;37;POINT PELEE CS;ON;Lin
451;6140818;43.63;-80.11;373;1967;1977;11;BLUE SPRINGS CREEK;ON;Poly
452;6140942;43.13;-80.33;245;1961;2024;45;BRANTFORD AIRPORT;ON;Lin
453;6141095;43.33;-80.31;268;1978;1992;15;CAMBRIDGE GALT MOE;ON;Lin
454;6142286;43.65;-80.41;376;1970;2024;47;ELORA RCS;ON;Lin
455;6142400;43.73;-80.33;417;1961;2016;45;FERGUS SHAND DAM;ON;Poly
456;6142803;43.68;-80.71;400;1960;1970;10;GLEN ALLAN;ON;Lin
457;6142991;43.88;-80.33;464;1976;1991;14;GRAND VALLEY WPCP;ON;Lin
458;6143087;43.53;-80.3;344;1954;1964;11;GUELPH SMALLFIELD FARM;ON;Poly
459;6143092;43.54;-80.22;334;1954;2024;59;GUELPH TURFGRASS INSTITUTE;ON;Lin
460;6144241;43.45;-80.48;320;1955;1967;13;KITCHENER CITY ENG 2;ON;Lin
461;6144478;43.03;-81.15;278;1943;2024;74;LONDON CS;ON;Poly
462;6145504;43.98;-80.75;414;1962;2024;46;MOUNT FOREST (AUT);ON;Poly
463;6146714;43.38;-80.35;272;1971;1996;22;PRESTON WPCP;ON;Lin
464;6146745;43.21;-81.23;312;1956;1970;10;PROSPECT HILL;ON;Lin
465;6148105;43.36;-81;345;1966;2004;36;STRATFORD WWTP;ON;Lin
466;6149387;43.45;-80.38;317;1971;2007;33;WATERLOO WELLINGTON A;ON;Poly
467;6149625;43.13;-80.77;281;1962;2017;26;WOODSTOCK;ON;Lin
468;6150690;44.15;-77.43;96;1960;2024;47;BELLEVILLE QUINTE;ON;Lin
469;6150830;43.91;-78.66;99;1968;2001;31;BOWMANVILLE MOSTERT;ON;Lin
470;6151042;44.03;-78.8;312;1969;2001;31;BURKETON MCLAUGHLIN;ON;Poly
471;6151059;43.35;-79.81;114;1970;1982;10;BURLINGTON FIRE HQ S;ON;Lin
472;6151137;44.3;-77.8;146;1973;1997;24;CAMPBELLFORD;ON;Lin
473;6151684;43.95;-78.16;77;2003;2024;18;COBOURG (AUT);ON;Lin
474;6153020;43.9;-79.06;128;1960;1988;19;GREENWOOD MTRCA;ON;Poly
475;6153194;43.17;-79.93;237;1971;2016;39;HAMILTON A;ON;Lin
476;6153301;43.29;-79.9;102;1962;2024;61;HAMILTON RBG CS;ON;Lin
477;6153410;43.73;-79.78;259;1962;1974;11;HEART LAKE;ON;Lin
478;6154820;43.93;-76.63;75;1966;1986;21;MAIN DUCK ISLAND;ON;Lin
479;6154950;43.86;-79.48;244;1960;1975;12;MAPLE;ON;Lin
480;6155187;43.5;-79.95;243;1960;1974;12;MILTON KELSO;ON;Lin
481;6155722;43.96;-79.46;321;1927;1948;17;OAK RIDGES;ON;Lin
482;6155878;43.86;-78.83;83;1970;2016;36;OSHAWA WPCP;ON;Lin
483;6156533;44.01;-77.13;76;1966;1994;27;PICTON;ON;Lin
484;6156559;43.83;-77.15;78;2004;2024;18;POINT PETRE (AUT);ON;Lin
485;6157000;44.03;-80.02;436;1993;2024;24;MONO CENTRE;ON;Lin
486;6157831;44.08;-77.66;119;1969;1992;18;SMITHFIELD CDA;ON;Lin
487;6158084;43.96;-79.25;266;1961;1989;19;STOUFFVILLE WPCP;ON;Lin
488;6158355;43.66;-79.4;112;1940;2023;75;TORONTO CITY;ON;Lin
489;6158406;43.65;-79.35;77;1966;1992;26;TORONTO BOOTH;ON;Poly
490;6158520;43.76;-79.26;164;1966;1994;25;TORONTO ELLESMERE;ON;Poly
491;6158525;43.63;-79.53;118;1964;1980;12;TORONTO ETOBICOKE;ON;Lin
492;6158575;43.66;-79.31;99;1966;1981;16;TORONTO GREENWOOD;ON;Poly
493;6158665;43.62;-79.39;76;1971;1994;24;TORONTO ISLAND A;ON;Poly
494;6158731;43.67;-79.63;173;1950;2017;64;TORONTO INTL A;ON;Lin
495;6158732;43.71;-79.35;133;1973;1987;11;TORONTO LESLIE EGLINTON;ON;Poly
496;6158740;43.8;-79.55;193;1966;1987;16;TORONTO MET RES STN;ON;Lin
497;6158764;43.65;-79.46;121;1966;1990;22;TORONTO OLD WESTON RD;ON;Lin
498;61587PG;43.78;-79.35;189;1973;1986;11;TORONTO SENECA HILL;ON;Poly
499;6158875;44.11;-77.52;86;1965;2017;46;TRENTON A;ON;Lin
500;6159010;44.5;-77.28;144;1957;1970;13;TWEED;ON;Lin
501;6159123;44.09;-79.16;325;2013;2024;12;UXBRIDGE WEST;ON;Poly
502;6159510;43.95;-79.43;289;1960;1970;10;WILCOX LAKE;ON;Lin
503;615HHDF;43.75;-79.38;153;1973;1986;12;TORONTO YORK MILLS;ON;Poly
504;615HMAK;43.86;-79.37;198;1986;2016;26;TORONTO BUTTONVILLE A;ON;Lin
505;615N745;43.48;-79.63;86;1965;1976;12;OAKVILLE SOUTHEAST WPCP;ON;Lin
506;615S001;43.78;-79.46;187;1964;2014;34;TORONTO NORTH YORK;ON;Poly
507;6163171;45.03;-78.53;330;1988;2012;15;HALIBURTON 3;ON;Lin
508;6164432;44.35;-78.73;251;1965;1989;24;LINDSAY FILTRATION PLANT;ON;Poly
509;6166418;44.23;-78.36;191;1971;2006;33;PETERBOROUGH A;ON;Lin
510;6166450;44.28;-78.31;192;1965;1992;28;PETERBOROUGH STP;ON;Lin
511;6166457;44.35;-78.27;225;2006;2024;18;PETERBOROUGH TRENTU FARM;ON;Poly
512;6169453;45.1;-78.68;327;1972;1987;16;WEST GUILFORD;ON;Poly
513;616I001;45.07;-77.87;330;1998;2024;24;BANCROFT AUTO;ON;Lin
514;7010565;46.83;-71.19;10;2000;2024;23;BEAUPORT;QC;Poly
515;7011309;46.86;-71.26;114;1972;1997;22;CHARLESBOURG PARC ORLEAN;QC;Lin
516;7011982;46.66;-71.91;15;1973;1999;25;DESCHAMBAULT;QC;Lin
517;7012232;46.81;-71.3;15;1972;1990;18;DUBERGER;QC;Lin
518;7012240;46.86;-71.65;166;1971;1993;20;DUCHESNAY;QC;Lin
519;7013362;46.01;-73.43;56;1967;1999;22;JOLIETTE VILLE;QC;Poly
520;7014160;45.8;-73.43;21;1963;2024;62;L'ASSOMPTION;QC;Lin
521;7015730;45.5;-74.06;91;1969;1999;24;OKA;QC;Lin
522;7016280;46.8;-71.21;90;1914;1943;30;QUEBEC;QC;Lin
523;7016800;46.71;-72.08;76;1969;1999;26;ST ALBAN;QC;Poly
524;7016900;46.73;-71.5;57;1966;1989;24;ST AUGUSTIN;QC;Lin
525;7016902;46.2;-73.6;198;1978;1999;16;STE BEATRIX;QC;Lin
526;7016906;45.56;-74.05;53;1973;1990;16;ST BENOIT;QC;Lin
527;7016932;46.85;-71.61;152;1968;1990;22;STE CATHERINE;QC;Lin
528;7017100;46.31;-74.2;388;1970;1997;22;ST DONAT;QC;Lin
529;7017B65;46.75;-71.28;45;1969;1984;13;STE FOY MATAPEDIA;QC;Lin
530;7017BFN;46.78;-71.31;79;1972;1996;10;STE FOY (PIE XII);QC;Lin
531;7018001;46.56;-72.73;110;1968;2024;53;SHAWINIGAN;QC;Lin
532;7018563;46.36;-72.68;62;1977;2024;28;TROIS-RIVIERES;QC;Lin
533;701A9E0;46.88;-71.16;114;1971;1981;11;COURVILLE DE POISSY;QC;Lin
534;701S001;46.8;-71.38;60;1961;2024;64;QUEBEC JEAN LESAGE INTL;QC;Lin
535;7020305;46.01;-71.95;140;1963;1998;30;ARTHABASKA;QC;Lin
536;7020360;45.76;-71.95;228;1973;1986;11;ASBESTOS;QC;Lin
537;7020840;45.18;-72.56;205;1971;1998;26;BROME;QC;Lin
538;7021320;45.28;-71.2;518;1968;1989;21;CHARTIERVILLE;QC;Poly
539;7021954;45.81;-71.98;190;1987;1998;11;DANVILLE;QC;Poly
540;7022160;45.88;-72.48;82;1967;1998;24;DRUMMONDVILLE;QC;Lin
541;7022494;46.48;-72.05;53;1974;1999;23;FORTIERVILLE;QC;Lin
542;7022579;45.03;-72.85;224;2005;2024;20;FRELIGHSBURG;QC;Lin
543;7022720;45.13;-72.23;266;1968;1998;30;GEORGEVILLE;QC;Poly
544;7022802;45.37;-72.77;86;1970;2024;39;GRANBY;QC;Lin
545;7023312;45.38;-71.46;345;1966;1981;14;ISLAND BROOK;QC;Lin
546;7023681;45.6;-70.93;477;1970;2024;40;NANTES;QC;Lin
547;7024254;46.81;-71.1;69;1979;1998;17;LAUZON;QC;Lin
548;7024280;45.36;-71.82;181;1960;2024;62;LENNOXVILLE;QC;Lin
549;7024320;45.63;-71.36;266;1968;1999;30;LINGWICK;QC;Poly
550;7024624;45.33;-71.4;444;1965;1980;16;MAPLE LEAF EAST;QC;Poly
551;7024745;45.5;-73.57;72;1906;2014;33;MCTAVISH;QC;Poly
552;7025212;45.45;-71.15;1111;1979;1989;11;MONT MEGANTIC;QC;Lin
553;7025257;45.56;-73.55;45;1977;1989;13;MONTREAL JAR BOT;QC;Poly
554;7025260;45.5;-73.61;132;1969;1984;16;MONTREAL JEAN BREBEUF;QC;Lin
555;7025267;45.51;-73.56;41;1973;1991;16;MONTREAL LAFONTAINE;QC;Lin
556;7025440;46.2;-72.61;30;1982;1999;14;NICOLET;QC;Lin
557;7025745;45.11;-74.05;45;1963;1998;31;ORMSTOWN;QC;Lin
558;7027039;45.16;-73.67;53;1969;2024;38;STE-CLOTILDE;QC;Lin
560;7027110;45.51;-73.78;23;1984;1995;10;STE DOROTHEE;QC;Poly
561;7027120;45.2;-71.68;381;1968;1984;16;STE EDWIDGE;QC;Poly
562;7027200;46.06;-70.96;312;1966;1999;30;ST EPHREM;QC;Lin
563;7027248;46.1;-71.58;297;1976;1999;23;ST FERDINAND;QC;Lin
564;7027259;46.48;-71.56;137;1985;1999;11;ST FLAVIEN;QC;Lin
565;7027283;46.15;-70.7;167;1966;1997;26;ST GEORGES;QC;Lin
566;7027302;45.88;-72.76;43;1973;1999;24;ST GUILLAUME;QC;Lin
567;7027320;45.51;-73.41;27;1965;1995;29;MONTREAL ST-HUBERT A;QC;Lin
568;7027372;45.26;-71.51;393;1965;1981;16;ST ISIDORE D AUCKLAND;QC;Lin
569;7027470;45.82;-72.53;76;2013;2025;13;SAINT-GERMAIN-DE-GRANTHAM;QC;Lin
570;7027517;45.61;-73.13;30;1981;1999;15;STE MADELEINE;QC;Lin
571;7027656;46.25;-71.21;365;1972;1999;27;ST PIERRE DE BROUGHTON;QC;Lin
572;7027725;45.76;-70.95;442;1973;1999;26;ST SEBASTIEN;QC;Lin
573;7027750;45.93;-70.48;395;1966;1996;27;ST THEOPHILE;QC;Lin
574;7027785;46.11;-70.38;480;1973;1993;20;ST ZACHARIE;QC;Poly
575;7027802;45.36;-71.53;345;1966;1999;30;SAWYERVILLE NORD;QC;Lin
576;7028120;45.4;-71.9;181;1959;1971;12;SHERBROOKE;QC;Poly
577;7028124;45.43;-71.68;241;1962;1994;32;SHERBROOKE A;QC;Lin
578;7028442;46.04;-71.26;430;1967;2024;42;THETFORD MINES RCS;QC;Lin
579;7028676;46.38;-70.93;152;1966;1999;30;VALLEE JONCTION;QC;Lin
580;7028680;45.28;-74.1;45;1986;1998;12;VALLEYFIELD;QC;Lin
581;7028754;46.2;-70.78;229;1996;2024;25;BEAUCEVILLE;QC;Lin
582;7028906;45.4;-71.3;512;1965;1992;26;WEST DITTON;QC;Lin
583;7028946;45.38;-70.86;396;1973;1995;23;WOBURN;QC;Poly
584;702FHL8;45.42;-73.92;39;1963;2024;47;STE-ANNE-DE-BELLEVUE 1;QC;Lin
585;702LED4;45.29;-73.34;43;2005;2024;19;L'ACADIE;QC;Poly
586;702S006;45.46;-73.74;32;1943;2024;79;MONTREAL PIERRE ELLIOTT TRUDEAU INTL;QC;Lin
587;7030170;45.55;-75.55;91;1985;1999;11;ANGERS;QC;Lin
588;7030457;46.71;-75.98;236;1967;1979;13;BARRAGE MERCIER;QC;Lin
589;7031375;45.9;-75.08;222;1972;1999;23;CHENEVILLE;QC;Lin
590;7034482;46.27;-75.99;199;1965;2024;33;MANIWAKI AIRPORT;QC;Lin
591;7035290;45.66;-74.03;82;1976;2008;22;MONTREAL MIRABEL INTL A;QC;Lin
592;7035520;46.4;-75.08;274;1971;1999;24;NOMININGUE;QC;Lin
593;7036762;46.05;-74.28;394;1966;1992;27;STE AGATHE DES MONTS;QC;Lin
594;7037400;45.8;-74.05;169;1971;1999;24;ST JEROME;QC;Lin
595;7038040;45.61;-76.46;167;1970;1999;29;SHAWVILLE;QC;Lin
596;7040442;49.13;-68.2;21;1969;2024;38;BAIE-COMEAU A;QC;Lin
597;7040446;47.41;-70.5;32;1980;1999;14;BAIE ST PAUL;QC;Lin
598;7040813;51.45;-57.18;37;1974;2014;28;LOURDES DE BLANC SABLON A;QC;Lin
599;7041177;47.06;-70.78;6;1973;1984;11;CAP TOURMENTE;QC;Lin
600;7041312;47.28;-70.63;722;1998;2024;27;CHARLEVOIX (MRC);QC;Lin
601;7041382;50.46;-59.63;7;2005;2024;18;CHEVERY;QC;Lin
602;7042378;48.73;-69.08;76;1968;1995;24;FORESTVILLE;QC;Lin
603;7042395;47.32;-71.14;672;1967;2024;51;FORET MONTMORENCY RCS;QC;Lin
604;7042590;51.95;-68.13;567;1966;1985;17;GAGNON A;QC;Lin
605;7042870;47.75;-70.11;365;1970;1990;16;GRAND FONDS;QC;Lin
606;7043018;50.28;-63.6;37;1973;1992;13;HAVRE-SAINT-PIERRE A;QC;Lin
607;7043BP9;48.06;-69.55;5;2013;2024;12;ILE ROUGE;QC;Lin
608;7045401;50.19;-61.81;11;1969;2024;38;NATASHQUAN AIRPORT;QC;Lin
609;7045910;49.73;-67.16;15;1985;1999;12;PENTECOTE;QC;Lin
610;7047914;50.21;-66.25;52;1969;2024;44;SEPT-ILES;QC;Lin
611;704Q003;50.16;-66.43;24;1998;2024;26;POINTE NOIRE CS;QC;Lin
612;704S001;49.25;-68.14;129;2005;2024;19;BAIE-COMEAU;QC;Lin
613;7051163;49.25;-65.32;29;1967;2024;37;CAP-MADELEINE;QC;Lin
614;7051175;49.01;-66.4;229;1969;1993;23;CAP SEIZE;QC;Lin
615;7052603;48.78;-64.48;36;1980;2024;28;GASPE AIRPORT;QC;Lin
616;7052820;48.38;-64.53;8;1967;1997;21;GRANDE RIVIERE;QC;Lin
617;7053038;49.08;-61.7;7;2008;2021;11;HEATH POINT;QC;Lin
618;7053649;48.28;-67.56;235;1973;1999;23;LAC HUMQUI;QC;Lin
619;7053KGR;47.42;-61.77;7;1983;2024;32;ILES DE LA MADELEINE;QC;Lin
620;7054096;47.35;-70.03;31;1962;2024;56;LA POCATIERE;QC;Lin
621;7054640;48.85;-67.46;30;1981;1995;12;MATANE;QC;Lin
622;7055122;48.6;-68.19;55;1968;2024;47;MONT-JOLI;QC;Lin
623;7055380;48.95;-65.51;574;1969;1995;18;MURDOCHVILLE;QC;Lin
624;7055675;47.6;-68.8;320;1985;1999;12;NOTRE DAME DU LAC;QC;Poly
625;7055705;48.1;-66.3;7;1971;1999;27;NOUVELLE;QC;Lin
626;7056202;49.83;-64.29;55;1973;2024;27;PORT-MENIER;QC;Lin
627;7056480;48.45;-68.51;35;1964;1999;25;RIMOUSKI;QC;Lin
628;7056563;49.01;-64.4;40;1967;1977;11;RIVIERE AU RENARD;QC;Lin
629;7056616;47.8;-69.54;146;1968;2024;32;RIVIERE-DU-LOUP;QC;Lin
630;7056814;47.98;-67.06;274;1981;1998;15;ST ALEXIS DE MATAPEDIA;QC;Lin
631;7056922;47.45;-69.78;198;1969;1999;21;ST BRUNO KAMOURASKA;QC;Lin
632;7056970;48.33;-68.05;323;1970;1993;21;ST CHARLES GARNIER;QC;Lin
633;7057287;46.41;-70.46;510;1966;1999;31;STE GERMAINE;QC;Lin
634;7057395;48.88;-67.11;350;1971;1999;25;ST JEAN DE CHERBOURG;QC;Lin
635;7057518;46.55;-70.81;221;1966;1990;24;ST MALACHIE;QC;Lin
636;7057574;47.85;-69.38;152;1974;1984;11;ST MODESTE;QC;Lin
637;7060400;48.33;-71;159;1961;2017;45;BAGOTVILLE A;QC;Lin
638;7063370;48.42;-71.14;135;1995;2024;30;JONQUIERE;QC;Lin
639;7063690;48.41;-71.75;152;1972;1999;27;LAC STE CROIX;QC;Lin
640;7065100;47.96;-71.41;548;1970;1990;19;MONT APICA;QC;Lin
641;7065639;48.84;-72.54;137;1962;2024;48;NORMANDIN;QC;Lin
642;7066080;48.3;-71.21;164;1969;1984;15;PORTAGE DES ROCHES;QC;Lin
643;7066685;48.51;-72.26;178;1970;2012;31;ROBERVAL A;QC;Lin
644;7067060;48.63;-71.71;106;1967;1993;27;ST COEUR DE MARIE;QC;Lin
645;706Q001;48.29;-70.91;151;1998;2024;26;LA BAIE;QC;Lin
646;7072816;47.1;-72.93;119;1982;1999;15;GRANDE ANSE;QC;Poly
647;7075800;47.92;-74.62;444;1970;2024;30;PARENT;QC;Lin
648;7077571;46.81;-74.09;429;1970;2023;37;SAINT-MICHEL-DES-SAINTS;QC;Poly
649;707DBD4;47.41;-72.78;168;1968;2024;26;LA TUQUE;QC;Lin
650;7080452;47.55;-79.23;266;1967;2007;40;BARRAGE ANGLIERS;QC;Lin
651;7080468;46.7;-79.1;181;1968;2024;55;BARRAGE TEMISCAMINGUE;QC;Lin
652;7090120;48.56;-78.13;310;1969;1998;27;AMOS;QC;Lin
653;7091299;49.82;-74.97;381;1964;2024;54;CHAPAIS;QC;Lin
654;7093716;53.62;-77.7;194;1977;2015;28;LA GRANDE RIVIERE A;QC;Lin
655;7093GJ5;53.75;-73.67;302;1987;2024;19;LA GRANDE IV;QC;Lin
656;7094120;48.78;-79.21;244;1983;1999;17;LA SARRE;QC;Lin
657;7094637;49.75;-77.79;281;1969;2024;30;MATAGAMI;QC;Lin
658;7095480;53.2;-70.9;536;1968;1985;17;NITCHEQUON;QC;Lin
659;7096621;48.2;-78.13;305;1981;1999;16;RIVIERE HEVA;QC;Poly
660;7098603;48.05;-77.78;338;1961;2024;45;VAL-D OR;QC;Lin
661;7103539;55.36;-77.56;30;1969;2024;38;KUUJJUARAPIK;QC;Lin
662;710S005;58.47;-78.07;26;1970;2024;35;INUKJUAK;QC;Lin
663;7113534;58.1;-68.41;39;1970;2013;32;KUUJJUAQ A;QC;Lin
664;7116270;61.05;-69.63;30;1972;1987;10;QUAQTAQ;QC;Lin
665;7116505;57.9;-72.97;171;2014;2024;10;RIVIERE AUX FEUILLES;QC;Lin
666;7117824;54.8;-66.8;517;1965;2024;32;SCHEFFERVILLE COTE-NORD;QC;Lin
667;8100467;47.8;-64.83;5;2004;2024;20;BAS CARAQUET;NB;Lin
668;8100512;46.53;-67.66;91;1959;1969;10;BEECHWOOD;NB;Lin
669;8100514;47.9;-65.83;7;1971;1989;17;BELLEDUNE;NB;Lin
670;8100593;46.43;-64.76;35;1982;2021;25;BOUCTOUCHE CDA CS;NB;Lin
671;8100885;47.99;-66.33;42;1959;2024;62;CHARLO AUTO;NB;Lin
672;8100989;47;-65.46;33;1964;2024;46;MIRAMICHI RCS;NB;Lin
673;8101201;46.58;-66;43;2013;2024;12;DOAKTOWN AUTO RCS;NB;Lin
674;8101303;47.41;-68.32;154;2005;2024;19;EDMUNDSTON;NB;Lin
675;8101500;45.87;-66.52;20;1984;1994;11;FREDERICTON A;NB;Lin
676;8101605;45.92;-66.6;35;1959;2024;56;FREDERICTON CDA CS;NB;Lin
677;8101925;44.71;-66.8;78;2004;2024;20;GRAND MANAN SAR CS;NB;Lin
678;8102848;45.69;-65.16;403;2006;2024;18;MECHANIC SETTLEMENT;NB;Lin
679;8103050;48;-64.49;4;2007;2024;16;MISCOU ISLAND (AUT);NB;Lin
680;8103201;46.11;-64.67;70;1946;2016;67;MONCTON GREATER MONCTON ROMEO LEBLANC IN;NB;Lin
681;8104201;45.07;-66.44;6;2004;2016;11;POINT LEPREAU CS;NB;Lin
682;8104295;47.43;-65.59;124;2012;2024;12;RED PINES;NB;Lin
683;8104480;46.05;-66.71;115;1966;1992;26;ROYAL ROAD;NB;Lin
684;8104482;46.08;-66.73;160;1966;1978;12;ROYAL ROAD WEST;NB;Lin
685;8104800;45.28;-66.08;30;1924;1950;20;SAINT JOHN;NB;Lin
686;8104905;45.28;-65.81;94;1958;2024;42;GARNETT SETTLEMENT;NB;Lin
687;8104935;45.21;-67.25;26;2005;2024;18;ST. STEPHEN;NB;Lin
688;8105100;47.78;-68.33;411;1955;1973;17;SUMMIT DEPOT;NB;Lin
689;8105210;45.74;-65.52;47;1985;2024;12;SUSSEX FOUR CORNERS;NB;Lin
690;8105603;46.15;-67.54;154;1983;2024;12;WOODSTOCK NEWBRIDGE;NB;Lin
691;810I001;47.15;-67.83;245;1985;2016;31;ST LEONARD CS;NB;Lin
692;8200255;43.45;-65.47;4;2007;2024;17;BACCARO PT;NS;Lin
693;8200604;44.28;-66.34;15;2004;2024;20;BRIER ISLAND;NS;Poly
694;8200774;45.76;-62.68;2;2004;2024;20;CARIBOU POINT (AUT);NS;Lin
695;8201390;45.41;-63.46;37;2004;2023;19;DEBERT;NS;Poly
696;8201716;45.51;-61.25;66;1972;1985;13;EDDY POINT;NS;Lin
697;8201780;45.92;-60.64;28;2013;2024;11;ESKASONI FIRST NATION AUTOMATIC WEATHER;NS;Lin
698;8202000;44.98;-64.91;28;1964;2016;44;GREENWOOD A;NS;Lin
699;8202200;44.65;-63.56;31;1941;1973;22;HALIFAX;NS;Lin
700;8202251;44.88;-63.5;145;1977;2017;22;HALIFAX STANFIELD INT L A;NS;Lin
701;8202502;46.66;-60.4;10;1983;2024;24;INGONISH BEACH RCS;NS;Lin
702;8202592;44.4;-65.2;125;2006;2024;17;KEJIMKUJIK 1;NS;Lin
703;8202810;45.06;-64.48;48;1960;2024;47;KENTVILLE CDA CS;NS;Lin
704;8203702;45.75;-64.24;19;2004;2024;20;NAPPAN AUTO;NS;Lin
705;8204154;46.36;-60.97;54;2010;2024;11;NORTHEAST MARGAREE (AUT);NS;Lin
706;8204193;45.23;-63.05;23;2006;2024;18;UPPER STEWIACKE RCS;NS;Lin
707;8204402;45.41;-64.34;30;2005;2024;20;PARRSBORO;NS;Lin
708;8204708;43.93;-60;1;1962;2024;58;SABLE ISLAND;NS;Lin
709;8205085;45.01;-64.63;137;1968;1977;10;SHARPE BROOK IHD;NS;Lin
710;8205092;44.62;-63.51;22;1955;2024;69;SHEARWATER RCS;NS;Lin
711;8205130;43.7;-65.31;46;1973;2024;23;SHELBURNE SANDY POINT;NS;Lin
712;8205702;46.16;-60.04;62;1961;2024;62;SYDNEY CS;NS;Lin
713;8205895;45.6;-61.67;66;2008;2024;15;TRACADIE;NS;Lin
714;8205990;45.36;-63.26;39;1958;2001;21;TRURO;NS;Lin
715;8206240;43.99;-64.66;10;1970;2024;25;WESTERN HEAD;NS;Lin
716;8206491;43.83;-66.08;36;1971;2024;49;YARMOUTH RCS;NS;Lin
717;8300301;46.28;-63.11;50;1967;2016;31;CHARLOTTETOWN A;PE;Lin
718;8300418;46.46;-61.98;7;2004;2024;16;EAST POINT (AUT);PE;Lin
719;8300516;47.05;-63.99;7;2004;2016;12;NORTH CAPE;PE;Lin
720;8300562;46.45;-62.57;29;2004;2024;17;ST. PETERS;PE;Lin
721;8300596;46.44;-63.83;12;1964;2024;46;SUMMERSIDE;PE;Lin
722;8305500;46.3;-63.57;45;2002;2018;13;MAPLE PLAINS;PE;Lin
723;830P001;46.34;-63.16;53;2000;2024;25;HARRINGTON CDA CS;PE;Lin
724;8400104;47.31;-53.99;9;1980;2024;19;ARGENTIA (AUT);NL;Lin
725;8400301;48.96;-56.06;102;2005;2024;18;BADGER (AUT);NL;Lin
726;8400601;48.66;-53.11;25;2006;2024;16;BONAVISTA;NL;Lin
727;8400801;47.61;-57.61;10;1967;2024;40;BURGEO NL;NL;Lin
728;8401259;49.26;-54.88;99;1967;1995;27;COMFORT COVE;NL;Lin
729;8401295;49.32;-57.39;165;2013;2024;10;CORMACK RCS;NL;Lin
730;8401400;50.23;-57.58;19;1969;1995;26;DANIELS HARBOUR;NL;Lin
731;8401501;49.21;-57.4;21;1966;2002;36;DEER LAKE A;NL;Lin
732;8401538;50.72;-56.11;30;2004;2016;10;ENGLEE (AUT);NL;Lin
733;8401705;48.94;-54.56;151;1939;2023;74;GANDER AIRPORT CS;NL;Lin
734;8402520;49.91;-55.66;194;1984;2024;14;LA SCIE;NL;Lin
735;8402757;48.81;-56.54;203;2013;2024;10;MILLERTOWN RCS;NL;Lin
736;8402980;47.57;-59.15;39;1975;2023;24;PORT AUX BASQUES;NL;Lin
737;8403290;47.86;-55.85;13;1969;1983;14;ST ALBANS;NL;Lin
738;8403401;51.36;-55.6;11;1971;1995;23;ST ANTHONY;NL;Lin
739;8403506;47.62;-52.74;140;1949;1996;35;ST JOHN'S A;NL;Lin
740;8403603;47.51;-52.78;110;2010;2024;12;ST JOHN'S WEST CLIMATE;NL;Lin
741;8403619;46.91;-55.38;48;1969;2024;41;ST LAWRENCE;NL;Lin
742;8403820;48.56;-58.56;58;1967;2024;54;STEPHENVILLE RCS;NL;Lin
743;8403851;48.55;-53.97;106;1990;2024;11;TERRA NOVA NAT PARK CS;NL;Lin
744;8404025;49.68;-54.8;92;2004;2024;20;TWILLINGATE (AUT);NL;Lin
745;8404343;47.71;-59.3;31;2007;2024;11;WRECKHOUSE;NL;Poly
746;8500398;52.25;-55.6;9;1972;1983;11;BATTLE HARBOUR LOR;NL;Lin
747;8501136;53.55;-64.09;439;1969;2024;24;CHURCHILL FALLS;NL;Lin
748;8501915;53.4;-60.56;38;1961;2024;57;HAPPY VALLEY GOOSE BAY;NL;Lin
749;8502400;55.45;-60.21;11;2005;2024;15;HOPEDALE (AUT);NL;Lin
750;8502591;52.3;-55.83;10;1983;1995;12;MARY S HARBOUR A;NL;Lin
751;8502799;56.55;-61.68;7;1993;2024;25;NAIN;NL;Lin
752;8504175;52.92;-66.87;551;1974;2003;25;WABUSH LAKE A;NL;Lin